{
  "survey": "DES-Y3",
  "reference": "Abbott et al. 2022, PRD 105, 023520",
  "data_type": "SIMULATED",
  "note": "Simulated data for cross-validation testing. Replace with real FITS data when available.",
  "n_bins": 4,
  "published_S8": 0.776,
  "published_S8_sigma": 0.017,
  "bins": {
    "0": {
      "z_bin": [
        0.2,
        0.4
      ],
      "z_eff": 0.30000000000000004,
      "theta_arcmin": [
        2.5,
        3.1856874642578346,
        4.059441847971804,
        5.172845202786974,
        6.591627246825896,
        8.399545715709454,
        10.703330996798487,
        13.638986952921297,
        17.37981990443901,
        22.146669760252063,
        28.22094729211723,
        35.96124720719156,
        45.82451777081088,
        58.39303672725302,
        74.40878604078296,
        94.81725476830623,
        120.82325596429376,
        153.96205276650647,
        196.1899925878653,
        249.99999999999994
      ],
      "xi_plus": [
        0.003251749702139237,
        0.0026431631973458424,
        0.0022117768735921395,
        0.0018683595110414017,
        0.0014522412758756725,
        0.0011868047480195333,
        0.001065112826315944,
        0.0008408978200337931,
        0.0006254250972106646,
        0.0005565848827826948,
        0.0004009407290196197,
        0.0003168310981684321,
        0.0002854364178331622,
        0.00011259799891659857,
        7.554920452829989e-05,
        9.918223116323824e-05,
        4.337007135108062e-05,
        8.891725333337629e-05,
        2.8595334058196707e-06,
        -4.025348213098717e-05
      ],
      "xi_minus": [
        -0.0008133979745935076,
        0.0006221324609819491,
        0.0005508260042612727,
        0.0003954036828082569,
        0.0003773215478473268,
        0.00035586537762461183,
        0.00023907936619656085,
        0.000278353790472487,
        0.00018895869018247628,
        -0.00017332935056573639,
        0.0001286606299061154,
        -0.00023584232207674277,
        0.00011441550964452879,
        3.9741089663702086e-05,
        -0.0001242654101405509,
        3.6474532445490303e-07,
        -6.455697030785327e-05,
        -6.26513298121047e-05,
        -3.8204852236669726e-05,
        -3.553068714607114e-05
      ],
      "n_points": 20
    },
    "1": {
      "z_bin": [
        0.4,
        0.6
      ],
      "z_eff": 0.5,
      "theta_arcmin": [
        2.5,
        3.1856874642578346,
        4.059441847971804,
        5.172845202786974,
        6.591627246825896,
        8.399545715709454,
        10.703330996798487,
        13.638986952921297,
        17.37981990443901,
        22.146669760252063,
        28.22094729211723,
        35.96124720719156,
        45.82451777081088,
        58.39303672725302,
        74.40878604078296,
        94.81725476830623,
        120.82325596429376,
        153.96205276650647,
        196.1899925878653,
        249.99999999999994
      ],
      "xi_plus": [
        0.0033791300945073214,
        0.0028057031778762924,
        0.002311969737218239,
        0.001980095330966589,
        0.0015932474860383867,
        0.0011867402672180874,
        0.001071796538605799,
        0.0008368632884988607,
        0.0006598615800132768,
        0.0006018504181233555,
        0.0005167849436285617,
        0.00042082427887769067,
        0.0002443123467710774,
        0.00021337303163937433,
        0.0001996261675212041,
        0.0001951458368044269,
        7.733523738867186e-05,
        6.670878855342041e-05,
        -8.354670029869432e-06,
        -3.078806806515707e-05
      ],
      "xi_minus": [
        0.000836097864255943,
        -0.0007594302740023675,
        0.0005836421056159805,
        -0.0005646446846702301,
        -0.00045751145834076456,
        -0.0003386989947182282,
        0.0003439534604853048,
        0.0003659716992264696,
        0.00023551763741753813,
        0.0002931442650620723,
        -2.192809718607635e-05,
        0.00019396698001791952,
        -0.00012869514580269488,
        -8.640385383543689e-05,
        9.13760529697423e-05,
        -4.3785470873709505e-05,
        4.46539000554386e-05,
        6.619034535494523e-05,
        0.00012064247208819521,
        -3.0384513850344937e-06
      ],
      "n_points": 20
    },
    "2": {
      "z_bin": [
        0.6,
        0.85
      ],
      "z_eff": 0.725,
      "theta_arcmin": [
        2.5,
        3.1856874642578346,
        4.059441847971804,
        5.172845202786974,
        6.591627246825896,
        8.399545715709454,
        10.703330996798487,
        13.638986952921297,
        17.37981990443901,
        22.146669760252063,
        28.22094729211723,
        35.96124720719156,
        45.82451777081088,
        58.39303672725302,
        74.40878604078296,
        94.81725476830623,
        120.82325596429376,
        153.96205276650647,
        196.1899925878653,
        249.99999999999994
      ],
      "xi_plus": [
        0.003721067335090217,
        0.0031131107632734563,
        0.0024643946893204865,
        0.00203785185725603,
        0.0016631081105968736,
        0.0012911443851582334,
        0.0011476459034841554,
        0.0009373598006312243,
        0.0007497646943216443,
        0.0005931232780022179,
        0.00040303243349155277,
        0.0003677502466050904,
        0.0002926740059763447,
        0.0001983513185033977,
        0.00018364131654635083,
        0.00017395879196634037,
        0.00022908498239326575,
        9.379571583710661e-05,
        7.531311724701955e-05,
        3.629544589436493e-05
      ],
      "xi_minus": [
        -0.0007278521794481317,
        0.000728959876883666,
        -0.000634057368936686,
        0.0006957072856259249,
        -0.00045639570774262835,
        -0.0004217073970850697,
        -0.0003443740926474529,
        0.00022521694666727466,
        0.0003253915355062416,
        -0.0002641459890240341,
        0.0002342622419975374,
        -0.00010103251187430866,
        -0.00021930828642483668,
        2.4514693700497005e-05,
        0.00012858118494948914,
        -0.00021119940300284935,
        2.553750865936919e-07,
        1.3925051556044406e-05,
        -4.421501766833576e-05,
        2.3442413981512817e-06
      ],
      "n_points": 20
    },
    "3": {
      "z_bin": [
        0.85,
        1.05
      ],
      "z_eff": 0.95,
      "theta_arcmin": [
        2.5,
        3.1856874642578346,
        4.059441847971804,
        5.172845202786974,
        6.591627246825896,
        8.399545715709454,
        10.703330996798487,
        13.638986952921297,
        17.37981990443901,
        22.146669760252063,
        28.22094729211723,
        35.96124720719156,
        45.82451777081088,
        58.39303672725302,
        74.40878604078296,
        94.81725476830623,
        120.82325596429376,
        153.96205276650647,
        196.1899925878653,
        249.99999999999994
      ],
      "xi_plus": [
        0.003898476607288514,
        0.0032251260549308255,
        0.002719756459088402,
        0.0021073472922487732,
        0.0018089506335842549,
        0.0015547870404319676,
        0.001095142216063663,
        0.0009915983248813087,
        0.0008139011304688027,
        0.0006973927965003934,
        0.00044023302998899485,
        0.00033188618045036124,
        0.0003679799634170972,
        0.0002831066611231212,
        0.00022230264588826807,
        0.00018117211183113098,
        7.49809113766564e-05,
        0.00010351439719949907,
        8.240795713598421e-05,
        -3.448432966929546e-06
      ],