{
  "survey": "HSC-Y3",
  "reference": "Dalal et al. 2023, PRD 108, 123519",
  "data_type": "SIMULATED",
  "note": "Simulated data for cross-validation. Replace with real data when available.",
  "n_bins": 4,
  "published_S8": 0.78,
  "published_S8_sigma": 0.033,
  "bins": {
    "0": {
      "z_bin": [
        0.3,
        0.6
      ],
      "z_eff": 0.44999999999999996,
      "theta_arcmin": [
        2.0,
        2.6855631174855112,
        3.6061246289992495,
        4.842237650348253,
        6.502067419937487,
        8.730856225194145,
        11.723632731225086,
        15.74227783296201,
        21.13844036670626,
        28.384307904996614,
        38.11392521250568,
        51.17867590665318,
        68.72178220832608,
        92.27834183327626,
        123.90965568508354,
        166.38360060409454,
        223.41683056839827,
        300.0000000000001
      ],
      "xi_plus": [
        0.004135460249719271,
        0.0031957124914307406,
        0.0025359811935460694,
        0.0019814697931135714,
        0.0016297752348579506,
        0.0012157529062738483,
        0.0009978441888101003,
        0.0008705809969155872,
        0.0006584639937600707,
        0.0004268631714380266,
        0.00032583283541249154,
        0.000287476981311581,
        9.926853349452053e-05,
        9.290002479638937e-05,
        0.00012933056137317614,
        6.221788037592416e-05,
        0.0001560447102160213,
        -7.6825299461537e-06
      ],
      "xi_minus": [
        0.0008375644489793316,
        -0.0006998016389877104,
        0.0006283917821251245,
        -0.0005150340102674184,
        -0.0005651007138006369,
        -0.0003416594225004407,
        -0.00030625973738653543,
        -0.00030207389525839783,
        0.00020170317816380979,
        0.00020286073739148532,
        0.00016249125487461023,
        -0.0001613649929793115,
        1.0399423998091323e-05,
        0.0001181102455549289,
        4.7729288892388984e-05,
        5.264075375245937e-05,
        8.332580742913774e-06,
        0.00011603357902687439
      ],
      "n_points": 18
    },
    "1": {
      "z_bin": [
        0.6,
        0.9
      ],
      "z_eff": 0.75,
      "theta_arcmin": [
        2.0,
        2.6855631174855112,
        3.6061246289992495,
        4.842237650348253,
        6.502067419937487,
        8.730856225194145,
        11.723632731225086,
        15.74227783296201,
        21.13844036670626,
        28.384307904996614,
        38.11392521250568,
        51.17867590665318,
        68.72178220832608,
        92.27834183327626,
        123.90965568508354,
        166.38360060409454,
        223.41683056839827,
        300.0000000000001
      ],
      "xi_plus": [
        0.004563326292483409,
        0.003530927284768824,
        0.0028702596600462585,
        0.0021291745878139483,
        0.0016871284031289612,
        0.0013337548368071224,
        0.000961152180076876,
        0.0007774974501511708,
        0.0006759058929351431,
        0.00040356494953116336,
        0.0004309974348575721,
        0.00023450679650237043,
        0.00027473450374793296,
        0.00022476566038578027,
        0.00017059433101806386,
        7.666564362246801e-05,
        7.523460627291252e-05,
        -5.087883521725324e-05
      ],
      "xi_minus": [
        0.0009848712672397208,
        -0.0007969799681629751,
        0.0006687252786532895,
        -0.0005660096222986435,
        -0.0004780207503252614,
        -0.00040079766851885387,
        0.00039412611500199703,
        -0.0002946250128931104,
        -0.00018008858332971967,
        -0.00022466290858107912,
        0.00021504128347034517,
        0.00011424531111601425,
        -7.644076061810799e-05,
        2.2624397402482848e-05,
        -8.566876698344562e-06,
        -6.155738251634861e-05,
        -4.962576268069272e-06,
        -2.2320805015963486e-05
      ],
      "n_points": 18
    },
    "2": {
      "z_bin": [
        0.9,
        1.2
      ],
      "z_eff": 1.05,
      "theta_arcmin": [
        2.0,
        2.6855631174855112,
        3.6061246289992495,
        4.842237650348253,
        6.502067419937487,
        8.730856225194145,
        11.723632731225086,
        15.74227783296201,
        21.13844036670626,
        28.384307904996614,
        38.11392521250568,
        51.17867590665318,
        68.72178220832608,
        92.27834183327626,
        123.90965568508354,
        166.38360060409454,
        223.41683056839827,
        300.0000000000001
      ],
      "xi_plus": [
        0.005002870945233758,
        0.003750422143468491,
        0.0031623882794131137,
        0.0023503919361212286,
        0.0018055222644896185,
        0.0014706285511560118,
        0.0010733680118627954,
        0.0009370631439586143,
        0.000665505430607763,
        0.0005569995315037244,
        0.000344489548417746,
        0.00029569457950642775,
        0.00023818975691165678,
        0.00015630926899880916,
        0.00022854872933924793,
        0.00012230601940503265,
        6.770837116878413e-05,
        -9.339141121149626e-05
      ],
      "xi_minus": [
        0.0010928689713413816,
        -0.0009767525315271474,
        0.0006992657495172265,
        0.0006098373128611185,
        0.00031422121916609516,
        0.00034863465390964075,
        -0.00021861888029988446,
        0.0003060884990556067,
        0.00023695569691070938,
        0.00019619479352181693,
        -0.00013659524858906583,
        -0.00020424909314424117,
        2.4279849541281685e-05,
        -8.041446099178253e-05,
        0.00010674928517571318,
        -3.764467529351171e-05,
        3.0042472710185843e-05,
        3.10884045079416e-05
      ],
      "n_points": 18
    },
    "3": {
      "z_bin": [
        1.2,
        1.5
      ],
      "z_eff": 1.35,
      "theta_arcmin": [
        2.0,
        2.6855631174855112,
        3.6061246289992495,
        4.842237650348253,
        6.502067419937487,
        8.730856225194145,
        11.723632731225086,
        15.74227783296201,
        21.13844036670626,
        28.384307904996614,
        38.11392521250568,
        51.17867590665318,
        68.72178220832608,
        92.27834183327626,
        123.90965568508354,
        166.38360060409454,
        223.41683056839827,
        300.0000000000001
      ],
      "xi_plus": [
        0.005240980756461403,
        0.004091834475036999,
        0.0033193404236728395,
        0.002667035398356691,
        0.0019636272362059267,
        0.0015971139196734514,
        0.0011352324373364556,
        0.000992567025497728,
        0.0007038856712628812,
        0.0006589330358412076,
        0.0005781869262744332,
        0.00033445350605847975,
        0.0002742173848877015,
        9.576644292207116e-05,
        0.00015322631024894637,
        6.276532432594818e-05,
        9.793886338805488e-05,
        -0.00010904735916149517
      ],
      "xi_minus": [
        0.0010972428106901131,
        -0.0009367300439287621,
        -0.0005620974627069814,
        0.0006197864008075483,
        -0.00048786595834630973,
        -0.0004743875869195972,
        -0.00040337000222206727,
        -0.0003805575720645103,
        0.0001874948209221864,
        -0.00018344756419400515,
        -0.00016925525286943808,
        0.00012128509404778188,
        -9.29229602322874e-05,
        6.870694021560554e-05,
        -2.3741397747213084e-05,
        7.145934364967356e-05,
        -3.0167375495499458e-05,
        2.0489608486956544e-05
      ],
      "n_points": 18
    }
  }
}